pay_period_year,pay_period_number,start_date,end_date
2021,10,2021-05-09,2021-05-22
2021,11,2021-05-23,2021-06-05
2021,12,2021-06-06,2021-06-19
2021,13,2021-06-20,2021-07-03
2021,14,2021-07-04,2021-07-17
2021,15,2021-07-18,2021-07-31
2021,16,2021-08-01,2021-08-14
2021,17,2021-08-15,2021-08-28
2021,18,2021-08-29,2021-09-11
2021,19,2021-09-12,2021-09-25
2021,20,2021-09-26,2021-10-09
2021,21,2021-10-10,2021-10-23
2021,22,2021-10-24,2021-11-06
2021,23,2021-11-07,2021-11-20
2021,24,2021-11-21,2021-12-04
2021,25,2021-12-05,2021-12-18
2021,26,2021-12-19,2022-01-01
2022,1,2022-01-02,2022-01-15
2022,2,2022-01-16,2022-01-29
2022,3,2022-01-30,2022-02-12
2022,4,2022-02-13,2022-02-26
2022,5,2022-02-27,2022-03-12
2022,6,2022-03-13,2022-03-26
2022,7,2022-03-27,2022-04-09
2022,8,2022-04-10,2022-04-23
2022,9,2022-04-24,2022-05-07
2022,10,2022-05-08,2022-05-21
2022,11,2022-05-22,2022-06-04
2022,12,2022-06-05,2022-06-18
2022,13,2022-06-19,2022-07-02
2022,14,2022-07-03,2022-07-16
2022,15,2022-07-17,2022-07-30
2022,16,2022-07-31,2022-08-13
2022,17,2022-08-14,2022-08-27
2022,18,2022-08-28,2022-09-10
2022,19,2022-09-11,2022-09-24
2022,20,2022-09-25,2022-10-08
2022,21,2022-10-09,2022-10-22
2022,22,2022-10-23,2022-11-05
2022,23,2022-11-06,2022-11-19
2022,24,2022-11-20,2022-12-03
2022,25,2022-12-04,2022-12-17
2022,26,2022-12-18,2022-12-31
2023,1,2023-01-01,2023-01-14
2023,2,2023-01-15,2023-01-28
2023,3,2023-01-29,2023-02-11
2023,4,2023-02-12,2023-02-25
2023,5,2023-02-26,2023-03-11
2023,6,2023-03-12,2023-03-25
2023,7,2023-03-26,2023-04-08
2023,8,2023-04-09,2023-04-22
2023,9,2023-04-23,2023-05-06
2023,10,2023-05-07,2023-05-20
2023,11,2023-05-21,2023-06-03
2023,12,2023-06-04,2023-06-17
2023,13,2023-06-18,2023-07-01
2023,14,2023-07-02,2023-07-15
2023,15,2023-07-16,2023-07-29
2023,16,2023-07-30,2023-08-12
2023,17,2023-08-13,2023-08-26
2023,18,2023-08-27,2023-09-09
2023,19,2023-09-10,2023-09-23
2023,20,2023-09-24,2023-10-07
2023,21,2023-10-08,2023-10-21
2023,22,2023-10-22,2023-11-04
2023,23,2023-11-05,2023-11-18
2023,24,2023-11-19,2023-12-02
2023,25,2023-12-03,2023-12-16
2023,26,2023-12-17,2023-12-30
2024,1,2023-12-31,2024-01-13
2024,2,2024-01-14,2024-01-27
2024,3,2024-01-28,2024-02-10
2024,4,2024-02-11,2024-02-24
2024,5,2024-02-25,2024-03-09
2024,6,2024-03-10,2024-03-23
2024,7,2024-03-24,2024-04-06
2024,8,2024-04-07,2024-04-20
2024,9,2024-04-21,2024-05-04
2024,10,2024-05-05,2024-05-18
2024,11,2024-05-19,2024-06-01
2024,12,2024-06-02,2024-06-15
2024,13,2024-06-16,2024-06-29
2024,14,2024-06-30,2024-07-13
2024,15,2024-07-14,2024-07-27
2024,16,2024-07-28,2024-08-10
2024,17,2024-08-11,2024-08-24
2024,18,2024-08-25,2024-09-07
2024,19,2024-09-08,2024-09-21
2024,20,2024-09-22,2024-10-05
2024,21,2024-10-06,2024-10-19
2024,22,2024-10-20,2024-11-02
2024,23,2024-11-03,2024-11-16
2024,24,2024-11-17,2024-11-30
2024,25,2024-12-01,2024-12-14
2024,26,2024-12-15,2024-12-28
2025,1,2024-12-29,2025-01-11
2025,2,2025-01-12,2025-01-25
2025,3,2025-01-26,2025-02-08
2025,4,2025-02-09,2025-02-22
2025,5,2025-02-23,2025-03-08
2025,6,2025-03-09,2025-03-22
2025,7,2025-03-23,2025-04-05
2025,8,2025-04-06,2025-04-19
2025,9,2025-04-20,2025-05-03
2025,10,2025-05-04,2025-05-17
2025,11,2025-05-18,2025-05-31
2025,12,2025-06-01,2025-06-14
2025,13,2025-06-15,2025-06-28
2025,14,2025-06-29,2025-07-12
2025,15,2025-07-13,2025-07-26
2025,16,2025-07-27,2025-08-09
2025,17,2025-08-10,2025-08-23
2025,18,2025-08-24,2025-09-06
2025,19,2025-09-07,2025-09-20
2025,20,2025-09-21,2025-10-04
2025,21,2025-10-05,2025-10-18
2025,22,2025-10-19,2025-11-01
2025,23,2025-11-02,2025-11-15
2025,24,2025-11-16,2025-11-29
2025,25,2025-11-30,2025-12-13
2025,26,2025-12-14,2025-12-27
2026,1,2025-12-28,2026-01-10